zip,donations,total,population,donations_pct
20601,6976,190404.72999999975,26236,265.89419118768103
20602,6758,109716.81999999996,26835,251.8352897335569
20603,12854,248108.6100000006,32726,392.7763857483347
20606,11,131.43,314,35.031847133757964
20607,6889,181393.81000000043,10755,640.5392840539284
20608,337,2569.720000000003,739,456.02165087956695
20609,61,2290,1211,50.371593724194874
20611,46,1206,1354,33.97341211225997
20612,21,399.17,181,116.02209944751381
20613,6436,170352.85000000012,13240,486.10271903323263
20615,25,633,513,48.732943469785575
20616,1703,38740.899999999994,6728,253.12128418549347
20617,274,7542.26,715,383.2167832167832
20618,313,6069.32,402,778.6069651741293
20619,2733,63659.01000000006,13845,197.39978331527627
20620,393,7357.65,1688,232.81990521327015
20621,66,967,1277,51.68363351605325
20622,356,8922.109999999999,6692,53.19784817692767
20623,2075,33616.96000000001,2619,792.287132493318
20624,60,795,1242,48.309178743961354
20625,454,9224.020000000004,929,488.69752421959095
20626,240,3636.8600000000006,278,863.3093525179855
20628,43,12163.26,452,95.13274336283186
20629,37,813,525,70.47619047619047
20630,371,24333.75,192,1932.2916666666667
20632,21,2812.5,314,66.87898089171975
20634,1095,27256.079999999944,6961,157.30498491596035
20636,2316,58391.37,11295,205.0464807436919
20637,2083,40167.06999999999,5288,393.91074130105903
20639,3313,119571.28999999998,15216,217.73133543638275
20640,1569,24599.82999999998,11113,141.18599838027535
20645,199,10778.3,653,304.7473200612558
20646,5566,130374.95000000004,22583,246.46858256210425
20650,3964,144375.84000000023,14069,281.7542113867368
20653,3608,81705.0799999999,26112,138.17401960784315
20657,5067,125720.03000000009,19711,257.0645832276394
20658,288,10475.370000000004,858,335.6643356643357
20659,2061,66697.38,23030,89.49196699956579
20660,5,190,0,Inf
20662,316,3207.0199999999995,2333,135.44792113159025
20664,225,19794.23,3285,68.4931506849315
20667,37,1525.39,868,42.62672811059908
20670,100,2542.67,1620,61.72839506172839
20674,355,9889.67,1082,328.09611829944544
20675,265,13192.1,1662,159.44645006016847
20676,4042,51759.59,3631,1113.191958138254
20677,666,19220.51,2215,300.67720090293454
20678,2380,49224.85999999996,12418,191.65727170236755
20680,87,6197.360000000001,649,134.05238828967643
20684,90,3067.24,784,114.79591836734694
20685,2422,44961.41000000005,6732,359.7742127153892
20686,776,26377.35,1639,473.4594264795607
20687,80,2937.49,429,186.4801864801865
20688,3855,84676.29000000008,1945,1982.0051413881747
20689,201,18325.74,2386,84.24140821458508
20690,697,10894.629999999992,950,733.6842105263158
20692,161,5585.110000000001,684,235.38011695906434
20693,226,5676.370000000001,1171,192.99743808710505
20695,4407,98344.96999999994,8400,524.6428571428572
20701,127,5610.76,760,167.10526315789474
20705,8949,263127.96999999945,28348,315.6836461126005
20706,12313,314519.8699999994,45329,271.6362593483201
20707,16759,392772.42999999854,32184,520.7245836440467
20708,7135,155413.97000000026,26842,265.8147679010506
20710,645,28141.24,9483,68.01645049035116
20711,1572,67949.20999999996,7400,212.43243243243242
20712,4346,127500.21000000004,9649,450.4093688465126
20714,2108,41288.52999999997,5331,395.42299756143314
20715,17641,314771.77000000153,27360,644.7733918128655
20716,9976,277360.8199999999,22223,448.90428834990774
20720,17274,545108.1899999978,23618,731.3913117114066
20721,27247,1016134.5099999992,30121,904.5848411407324
20722,4938,57960.55000000015,5604,881.1563169164882
20723,12363,402577.18000000034,36082,342.6362175045729
20724,6276,110552.95999999986,17681,354.957298795317
20732,4164,104842.46,10295,404.46818844099073
20733,1910,50651.11,2645,722.117202268431
20735,15308,316990.6299999999,37009,413.629117241752
20736,3030,72934.04000000002,8715,347.6764199655766
20737,3706,102120.56000000011,22666,163.50480896496956
20740,12587,317914.8899999996,31723,396.7783627021404
20742,56,12867.61,6511,8.600829365688835
20743,6852,165297.1299999999,38747,176.8394972514001
20744,31497,615052.9699999988,54572,577.1641134647805
20745,12754,230824.93999999977,27503,463.73122932043776
20746,5612,110835.93000000008,26396,212.60797090468253
20747,9223,156460.6300000003,41128,224.2511184594437
20748,12089,230580.97000000085,38720,312.21590909090907
20751,943,30918.42999999999,1972,478.19472616632856
20754,1806,52836.890000000014,6950,259.8561151079137
20755,718,13748.61,11340,63.31569664902999
20758,169,6653.169999999999,486,347.73662551440333
20759,4003,216717.4500000003,4721,847.9135776318577
20762,160,2821.08,3316,48.25090470446321
20763,1067,16640.289999999997,1955,545.7800511508951
20764,1593,58113.28999999995,3482,457.4956921309592
20765,376,18800.06,530,709.4339622641509
20769,7457,183612.53000000017,6172,1208.198314970836
20770,17073,470197.8199999965,24602,693.967970083733
20772,24555,701566.209999997,46471,528.3940522046007
20774,28133,790564.2600000018,49907,563.708497805919
20776,1344,43335.319999999985,2940,457.1428571428571
20777,2707,111532.35999999994,3444,786.0046457607434
20778,1436,39547.169999999984,2460,583.739837398374
20779,687,29339.599999999988,956,718.6192468619247
20781,5853,231033.8899999996,11460,510.7329842931937
20782,12863,595571.0799999984,32527,395.45608263903836
20783,5720,339753.4999999998,45550,125.57628979143797
20784,5749,90245.51000000014,30381,189.23011092459103
20785,11413,374647.23999999976,39237,290.87341030150117
20794,2890,65081.25000000002,16956,170.44114177872137
20812,416,82029.63,323,1287.9256965944273
20814,54366,3840965.980000051,29632,1834.7057235421166
20815,77637,9090681.019999975,30908,2511.8739484923
20816,35071,3206491.790000002,16661,2104.97569173519
20817,65357,5935171.610000005,38131,1714.0122210275103
20818,3976,339569.6300000002,2072,1918.918918918919
20832,15646,505974.4099999999,25427,615.3301608526369
20833,4572,170021.89000000042,7746,590.2401239349342
20837,4684,155442.2500000004,6129,764.2356012400065
20838,448,18843.38,377,1188.3289124668436
20839,462,11704.82,139,3323.741007194245
20841,4010,161266.3100000001,11692,342.9695518303113
20842,978,55610.649999999994,1467,666.6666666666666
20850,45289,1625183.4800000193,53522,846.175404506558
20851,5030,158464.17000000016,14519,346.44259246504583
20852,48307,1984718.029999996,47338,1020.4698128353542
20853,19911,556389.1599999968,31510,631.8946366232941
20854,55150,4750407.0800000075,49196,1121.026099682901
20855,10620,442482.6699999997,15955,665.6220620495143
20860,4148,138927.70000000022,2890,1435.2941176470588
20861,2729,124085.48999999998,2015,1354.3424317617867
20862,260,16786.32,359,724.233983286908
20866,6180,175550.99000000046,16974,364.08624955814776
20868,451,11939.11,539,836.7346938775511
20871,8598,204083.8700000006,18961,453.45709614471815
20872,7302,125311.22000000012,12790,570.9147771696638
20874,22381,527915.7199999968,60258,371.4195625477115
20876,9660,214333.43000000037,31703,304.7030249503201
20877,15286,371444.01,37948,402.8143775693054
20878,41096,1313016.679999994,63576,646.4074493519568
20879,10054,219295.58000000264,26343,381.6573662832631
20880,1356,52557.24000000001,530,2558.490566037736
20882,8651,261341.96000000025,14441,599.0582369641992
20886,16207,362243.20999999874,34887,464.55699830882565
20895,26497,1347975.3600000064,18930,1399.7358689910195
20896,1962,161566.2600000002,792,2477.272727272727
20899,30,3050,284,105.63380281690141
20901,42989,1309525.8700000062,36802,1168.1158632683007
20902,29875,1073108.0000000023,52752,566.3292387018502
20903,6587,250580.09999999992,26951,244.40651552818076
20904,41324,1477418.6700000064,55856,739.8309939845317
20905,12733,509001.05000000366,18590,684.9381387842926
20906,54095,1138991.140000007,70441,767.9476441277096
20910,60712,2979373.470000009,43729,1388.3692743945667
20912,38778,1936275.090000004,25118,1543.8331077315072
21001,9185,126335.17999999996,24959,368.00352578228296
21005,1513,7449.8,2724,555.4331864904552
21009,5538,94785.23000000004,31683,174.79405359340973
21010,1196,18019.26,329,3635.2583586626142
21012,11344,448162.7999999995,22746,498.72505055833994
21013,1809,42460.45999999997,5157,350.7853403141361
21014,9571,216782.57000000024,35668,268.33576314904116
21015,7969,198034.8099999996,28975,275.030198446937
21017,1139,18434.4,6034,188.7636725223732
21028,777,21243.45,2609,297.81525488692984
21029,5070,334097.21000000037,11523,439.9895860453007
21030,9939,375350.1199999992,24152,411.5187148062272
21031,10,589.24,26,384.61538461538464
21032,5033,231805.08,7787,646.3336329780403
21034,608,23530.29,3178,191.31529263687855
21035,6200,200449.85000000024,8315,745.640408899579
21036,1189,69995.87,2243,530.0936246098975
21037,9471,376584.1499999987,21134,448.14043721018265
21040,2305,33320.56,24717,93.25565400331755
21042,28455,1050627.5999999992,42157,674.9768721683231
21043,20844,686790.2499999983,46747,445.8895758016557
21044,44569,1337506.6200000034,45741,974.3774731641197
21045,30660,803755.2300000013,40265,761.4553582515833
21046,11234,309389.19999999896,15597,720.2667179585818
21047,2633,69101.56999999999,12629,208.48839971494178
21048,2073,66157.87999999996,9719,213.29354871900404
21050,3563,70752.11000000012,17846,199.65258321192425
21051,461,25766.14,231,1995.6709956709958
21052,16,551,179,89.3854748603352
21053,776,14091.339999999998,3134,247.60689215060626
21054,5833,159548.24000000028,11697,498.67487389929045
21056,98,38413,333,294.2942942942943
21057,2464,65720.03000000001,4109,599.6592844974447
21060,14209,173872.13999999993,36049,394.15795167688424
21061,10219,168692.45000000004,55020,185.7324609233006
21071,287,8471.130000000001,454,632.1585903083701
21074,2983,55540.70000000002,14933,199.7589231902498
21075,8984,224807.7100000003,34939,257.13386187355104
21076,6352,235382.90000000017,17947,353.9310191118293
21077,85,1464.38,235,361.7021276595745
21078,7808,212588.47000000055,18957,411.87951680118164
21082,459,13343.93,608,754.9342105263158
21084,1638,29954.660000000033,7670,213.5593220338983
21085,2745,55980.65999999996,16318,168.2191445030028
21087,656,20466.26,5437,120.6547728526761
2109,2,105,3639,0.5496015388843088
21090,1933,50232.64000000003,9715,198.97066392177047
21093,22218,633944.1899999967,38245,580.9386847953981
21102,3317,51923.16000000006,12043,275.4297102050984
21104,4210,99374.20000000011,6029,698.2915906452148
21105,28,267,0,Inf
21108,6603,220072.7800000001,19136,345.0564381270903
21111,3969,93046.8800000003,5343,742.841100505334
21113,16279,444059.96000000014,35210,462.34024424879294
21114,8848,236144.47000000044,26460,334.3915343915344
21117,23052,657696.399999998,59663,386.37011212979564
21120,2596,77234.65999999997,6775,383.1734317343173
21122,9609,221055.7499999993,59664,161.0518905872888
21128,1908,49255.929999999986,13967,136.60771819288323
21130,7,225,104,67.3076923076923
21131,2873,130327.89000000012,7587,378.6740477131936
21132,185,6295.84,3162,58.50727387729285
21133,8682,146954.52000000025,32714,265.39096411322373
21136,11483,323548.850000002,34347,334.32323055870967
21140,1294,55152.62999999996,3862,335.0595546349042
21144,11718,222529.8500000001,35680,328.4192825112108
21146,13148,487095.9399999995,27634,475.79069262502713
21152,1796,80268.00000000007,5349,335.76369414843896
21153,1329,41921.91000000001,348,3818.9655172413795
21154,568,14000.14,6467,87.83052419978351
21155,578,15340.34,2363,244.6043165467626
21156,40,1304.9999999999998,371,107.8167115902965
21157,8691,202460.4400000002,38714,224.4924316784626
21158,4343,99560.21000000004,20773,209.06946517113562
21160,285,5854.12,2615,108.98661567877629
21161,1036,26816.29999999997,5738,180.55071453468108
21162,705,11934.46,4089,172.41379310344828
21163,4816,171400.08000000005,6602,729.475916388973
21201,6643,366729.6200000009,17534,378.8639215238964
21202,6148,382084.8500000009,21880,280.9872029250457
21204,12273,511605.4999999996,21518,570.359698856771
21205,1021,23248.110000000015,15900,64.21383647798743
21206,6518,111044.22,51670,126.14670021288948
21207,13152,198563.10000000015,50440,260.74544012688347
21208,21511,700900.8699999987,35273,609.8432228616789
21209,26774,644100.539999995,28621,935.4669648160442
21210,25454,1443604.7700000436,16076,1583.3540681761633
21211,13357,433904.2699999998,15735,848.8719415316174
21212,25556,1146181.100000002,33865,754.6434371770264
21213,3715,75637.8300000001,30596,121.42110079748987
21214,7525,156481.40000000066,21666,347.318379027047
21215,10084,148706.3900000006,55081,183.07583377208113
21216,3837,59446.779999999984,28733,133.53983224863399
21217,6787,338081.31999999844,32830,206.73164788303382
21218,31378,1018091.8099999998,46172,679.589361517803
21219,1232,28739.510000000017,9454,130.31521049291305
21220,3341,75693.55000000031,41067,81.35485913263692
21221,3250,65432.59999999995,41899,77.56748371082841
21222,3776,62814.88999999995,56946,66.30843255013522
21223,1598,27742.830000000005,21974,72.72230818239737
21224,12042,379731.1799999997,48770,246.91408652860363
21225,2446,27074.09999999997,33227,73.61483131188491
21226,636,12090.19,6699,94.93954321540528
21227,4190,96694.33000000005,33396,125.46412744041203
21228,26381,597323.7399999986,49438,533.617864800356
21229,8355,157636.48000000007,45983,181.69758388969836
21230,13266,623503.7299999964,33592,394.9154560609669
21231,7981,281612.8999999996,15906,501.7603420093046
21234,12937,250143.7600000003,68678,188.37182212644515
21236,5621,122992.59000000026,37803,148.6919027590403
21237,3793,79481.20000000007,31105,121.94180999839254
21239,11716,161538.66000000044,30143,388.68062236671864
21240,14,522,0,Inf
21244,9590,141657.7900000002,36897,259.91273003225194
21250,5,206,2443,2.046663937781416
21251,9,134,1652,5.447941888619854
21252,9,120,2040,4.411764705882353
21286,12808,415242.91999999946,19711,649.7894576632337
2129,2,12,20504,0.09754194303550527
2130,4,163.31,42021,0.09519049998810118
2134,1,100,19552,0.05114566284779051
21401,36733,1649639.400000007,38788,947.0196968134475
21402,172,9181.1,6460,26.625386996904027
21403,25115,1333098.2500000054,31218,804.5038119033891
21405,1726,51961.95999999998,398,4336.683417085427
21409,11407,445531.4299999982,19304,590.9138002486532
21502,7293,116830.50000000042,41735,174.74541751527494
2152,1,25,18558,0.05388511693070373
21520,197,8828.130000000001,2003,98.3524712930604
21521,53,890.1600000000001,1183,44.80135249366018
21523,6,46,180,33.333333333333336
21524,5,7,831,6.016847172081829
21529,33,886,467,70.66381156316918
21530,475,11216.91,1923,247.00988039521582
21531,191,4804.52,1744,109.5183486238532
21532,1754,43536.08000000003,14498,120.982204441992
21536,466,10208.63,3984,116.96787148594377
21538,17,85,525,32.38095238095238
21539,28,785.4200000000001,2664,10.510510510510512
21540,1,56.18,90,11.11111111111111
21541,381,19362.08,1536,248.046875
21545,55,972.24,1771,31.055900621118013
21550,1946,54859.00000000003,14327,135.82745864451735
21555,229,5493.5,1501,152.5649566955363
21557,71,1640.1999999999998,1592,44.597989949748744
21561,752,17515.689999999995,2392,314.38127090301003
21562,202,2810.76,3426,58.96088733216579
21601,15791,628699.1599999968,23338,676.6218184934442
21607,2,350,770,2.5974025974025974
21610,279,3615.8,412,677.1844660194175
21612,232,8710.380000000001,597,388.60971524288107
21613,3942,120616.02999999994,17115,230.3242769500438
21617,3054,57825.34999999997,10534,289.91835959749386
21619,3573,96216.21999999994,5789,617.2050440490585
21620,7513,422426.1699999993,12989,578.4125028870583
21622,17,546.72,704,24.147727272727273
21623,282,7916.639999999999,2248,125.44483985765126
21624,164,8929.2,115,1426.086956521739
21625,258,8292.2,2401,107.45522698875469
21627,4,28,4,1000
21628,119,2211.88,324,367.28395061728395
21629,1206,24259.210000000006,9464,127.43026204564667
21631,94,3551.46,2708,34.711964549483014
21632,758,8827.550000000001,5885,128.8020390824129
21635,611,12718.539999999995,1970,310.1522842639594
21636,58,1112,837,69.29510155316606
21638,1114,33617.01,5227,213.12416299980868
21639,559,10110.96,5410,103.3271719038817
21640,141,3286.5,1467,96.11451942740285
21641,17,197,87,195.40229885057474
21643,740,13598.149999999998,5956,124.24445936870383
21645,196,5711.840000000006,1345,145.724907063197
21647,635,15435.859999999995,357,1778.7114845938374
21648,4,240,126,31.746031746031743
21649,100,2484.55,2204,45.37205081669691
21650,222,8666,296,750
21651,297,5999.56,2683,110.69698099142751
21652,249,5809.5,149,1671.1409395973153
21653,75,1085,96,781.25
21654,6312,175200.69,1221,5169.533169533169
21655,427,15772.760000000002,4763,89.64938064245223
21657,61,2836.7200000000003,727,83.90646492434662
21658,916,52629.99000000004,4177,219.29614555901364
21659,1,10,1509,0.6626905235255136
21660,722,14024.06,4361,165.55835817473059
21661,1339,25956.929999999997,2695,496.84601113172545
21662,821,71666.80999999998,369,2224.932249322493
21663,3198,165478.48000000045,3715,860.8344549125169
21664,37,803,497,74.4466800804829
21665,141,8093.42,194,726.8041237113401
21666,3570,104492.80000000018,13463,265.17120998291614
21667,445,7539.389999999999,255,1745.0980392156862
21668,148,2688.7899999999995,1763,83.94781622234828
21669,146,4473.520000000004,114,1280.701754385965
21671,397,13720.66,808,491.33663366336634
21672,6,92,149,40.26845637583892
21673,437,18756.35,3019,144.7499171911229
21676,78,9237.36,367,212.53405994550408
21677,28,1214,579,48.359240069084635
21678,1059,22807.97999999999,1549,683.6668818592641
21679,213,5971.209999999999,272,783.0882352941177
21701,24907,631639.1800000038,38390,648.7887470695493
21702,17174,430403.05999999936,41729,411.56030578254934
21703,8726,203219.95000000024,37048,235.53228244439646
21704,5672,213888.01000000007,16478,344.21653113241894
21705,449,9141.1,4,112250
21710,1509,45716.58000000003,4847,311.32659376934186
21711,30,741,1139,26.33889376646181
21713,1829,40567.68999999998,9979,183.28489828640144
21714,426,15300.23,179,2379.8882681564246
21716,2201,47591.569999999985,5453,403.6310287914909
21717,97,3016.26,126,769.8412698412699
21718,165,4618.8,167,988.0239520958085
21719,115,1636.0099999999998,1074,107.07635009310987
21722,248,4822.030000000004,6389,38.81671623102207
21723,214,7010.54,648,330.24691358024694
21727,606,16539.529999999995,6965,87.00646087580762
21733,95,2380.62,988,96.15384615384616
21734,137,2700,840,163.0952380952381
21737,1141,42184.98,2476,460.8239095315024
21738,2133,91235.83999999994,3861,552.4475524475524
21740,9084,156266.82999999897,60922,149.10869636584485
21742,9377,180980.25000000055,33425,280.5385190725505
21750,1588,25647.73999999999,3787,419.32928439397944
21754,3459,99558.51999999968,7117,486.01939019249687
21755,2271,65008.77999999997,5745,395.30026109660577
21756,706,23079.649999999976,2912,242.44505494505495
21757,121,3157.34,2753,43.95205230657464
21758,1923,35589.54000000006,4616,416.59445407279026
21762,127,4213.839999999999,131,969.4656488549617
21766,28,1177.77,660,42.42424242424243
21767,79,3614.53,694,113.8328530259366
21769,3776,108657.45999999992,11868,318.16649814627567
21770,1985,51007.11,6145,323.026851098454
21771,8933,209328.0900000004,31366,284.7988267550851
21773,1692,26795.68000000001,5404,313.10140636565507
21774,5176,144050.66000000012,13618,380.0851813775885
21776,1182,21786.81,6137,192.60224865569498
21777,720,13418.1,2067,348.3309143686502
21778,187,2955.6699999999983,930,201.07526881720432
21779,475,6884.26,1712,277.4532710280374
21780,227,6613.8499999999995,1864,121.78111587982833
21781,2,110,128,15.625
21782,1239,23007.480000000003,4348,284.95860165593376
21783,1072,22073.15,9637,111.23793711736018
21784,9655,257843.1300000003,36484,264.63655300953843
21787,944,30285.629999999997,10194,92.60349225034334
21788,2817,109285.4999999998,12241,230.12825749530268
21790,5,349.24,104,48.07692307692308
21791,1283,18969.599999999995,5080,252.55905511811022
21793,2311,63179.49999999996,10477,220.57840985014795
21794,648,27815.850000000013,2191,295.7553628480146
21795,1602,25785.01000000001,9150,175.08196721311475
21797,3224,169015.33999999994,8558,376.72353353587283
21798,331,18457.95,2412,137.23051409618574
21801,4484,130242.52999999998,30122,148.86129739061153
21802,194,2387.96,98,1979.5918367346937
21804,7964,177007.2200000002,39842,199.88956377691883
21810,3,90,656,4.573170731707317
21811,9781,276675.0200000005,24356,401.58482509443263
21813,1012,18157.769999999997,2636,383.91502276176027
21814,274,5105.589999999998,274,1000
21817,312,6336.919999999993,4247,73.4636213797975
21821,155,2020.34,834,185.85131894484414
21822,632,12221.479999999998,1527,413.88343156516044
21824,16,166,181,88.39779005524862
21826,717,10358.839999999998,5317,134.85047959375586
21829,17,435,397,42.821158690176325
21830,383,9341.89,4790,79.95824634655533
21835,19,79,207,91.78743961352657
21837,509,5382.609999999997,3322,153.22095123419626
21838,55,1579,1805,30.470914127423825
21840,59,936.9400000000002,353,167.1388101983003
21841,349,6055.21,1455,239.86254295532646
21842,2437,52256.51999999999,10525,231.54394299287412
21849,541,11445.820000000002,3659,147.8546050833561
21850,110,1634.26,3442,31.958163858221962
21851,810,13798.000000000004,7237,111.92483073096588
21853,555,8938.869999999994,11437,48.52671155023171
21856,221,2715.48,957,230.9299895506792
21861,42,1238.16,687,61.135371179039296
21862,2,20,86,23.25581395348837
21863,778,15254.77,4578,169.94320664045435
21864,59,2239.66,643,91.75738724727839
21865,284,5664.640000000003,433,655.8891454965358
21867,3,104,23,130.43478260869566
21869,178,1823.8399999999983,1155,154.1125541125541
21871,135,2733.2100000000005,2031,66.46971935007386
21872,51,683.82,585,87.17948717948717
21874,139,1668.7499999999998,1917,72.50912884715702
21875,853,14828.73,7084,120.41219649915303
2190,8,536.65,17466,0.4580327493415779
21901,2086,51409.42999999997,17694,117.89307109754719
21902,44,410,262,167.93893129770993
21903,1147,15152.06,5794,197.96341042457715
21904,1461,27753.210000000003,6484,225.32387415175816
21911,1120,18688.95999999996,11103,100.87363775556156
21912,119,4150.6,1520,78.28947368421052
21913,93,2956.27,901,103.21864594894562
21914,114,2967.6400000000003,804,141.7910447761194
21915,792,16423.720000000012,2739,289.1566265060241
21916,23,382,47,489.36170212765956
21917,167,6169.52,2017,82.796232027764
21918,604,11263.31,4321,139.7824577644064
21919,995,19727.17,2905,342.512908777969
21920,16,331,953,16.7890870933893
21921,6975,152703.25000000015,45225,154.22885572139302
21930,55,2363,120,458.3333333333333
22027,2,250,2427,0.8240626287597858
22042,41,200,36744,1.1158284345743523
22043,10,140,25012,0.39980809211578444
22044,23,467,14078,1.6337547947151583
22046,5,440,18639,0.26825473469606737
22066,1,100,17393,0.05749439429655609
22124,2,13,18377,0.10883169178864885
22150,1,10,29585,0.03380091262464086
22192,1,10,59670,0.016758840288252055
22204,1,47,53855,0.01856837805217714
22205,2,29,18570,0.10770059235325795
22207,2,88.25999999999999,34113,0.058628675285081935
22209,17,303.0399999999999,13172,1.2906164591557852
22213,3,12,4168,0.7197696737044146
22303,5,236.17,14688,0.3404139433551198
22304,3,60,49262,0.060898867281068574
22306,7,150.72,34391,0.2035416242621616
22307,2,3000,10286,0.19443904335990667
22310,9,95,32329,0.27838782517244576
22311,3,505,18890,0.15881418740074113
22314,3,62,35208,0.08520790729379686
22315,3,17,29634,0.10123506782749545
22401,20,409,29059,0.6882549296259334
22407,2,7,59551,0.033584658527984416
22551,2,55,20218,0.09892175289346128
22554,2,29,57488,0.034789869190091846
22601,14,226,29192,0.4795834475198684
22602,2,29.64,30665,0.06522093592043046
22654,2,1000,833,2.4009603841536613
22663,5,35,690,7.246376811594203
22701,1,10,34793,0.028741413502716064
22714,1,250,1027,0.9737098344693281
22738,8,193,1394,5.738880918220947
22740,1,48.26,922,1.0845986984815619
22801,5,275,40284,0.12411875682653162
22807,2,1100,3345,0.5979073243647235
22811,10,500,512,19.53125
22815,1,15,8915,0.11217049915872125
22842,1,20,5572,0.17946877243359657
